﻿<?xml version="1.0" encoding="utf-8"?><DEFECTS><DEFECT><SFA><FILEPATH>c:\users\fahim\documents\visual studio 2013\projects\project1\project1\</FILEPATH><FILENAME>glut.h</FILENAME><LINE>140</LINE><COLUMN>20</COLUMN></SFA><DEFECTCODE>28251</DEFECTCODE><DESCRIPTION>Inconsistent annotation for 'exit': this instance has no annotations. See c:\program files\microsoft visual studio 12.0\vc\include\stdlib.h(376). </DESCRIPTION><FUNCTION>exit</FUNCTION><DECORATED>exit</DECORATED><FUNCLINE>140</FUNCLINE><PATH /></DEFECT></DEFECTS>